model,seed,best_epoch,val_accuracy,val_balanced_acc,val_roc_auc,val_pr_auc,val_precision_dnmt3b,val_recall_dnmt3b,val_f1_dnmt3b,val_f1_macro,val_TP,val_TN,val_FP,val_FN,accuracy,balanced_acc,roc_auc,pr_auc,precision_dnmt3b,recall_dnmt3b,f1_dnmt3b,f1_macro,TP,TN,FP,FN
SVM (RBF),0,,0.9174757281553398,0.798132183908046,0.9224137931034483,0.768026156962204,0.8,0.625,0.7017543859649122,0.8269335310106252,20,169,5,12,0.927536231884058,0.8218390804597702,0.9521943573667713,0.8534282007580023,0.8461538461538461,0.6666666666666666,0.7457627118644068,0.851754595368823,22,170,4,11
SVM (RBF),1,,0.9077669902912622,0.766882183908046,0.9224137931034483,0.7677657402955373,0.782608695652174,0.5625,0.6545454545454545,0.8006620830150242,18,169,5,14,0.927536231884058,0.8095611285266457,0.9517589690003483,0.8531699029406188,0.875,0.6363636363636364,0.7368421052631579,0.8474126492702344,21,171,3,12
SVM (RBF),2,,0.9077669902912622,0.766882183908046,0.9224137931034483,0.7677657402955373,0.782608695652174,0.5625,0.6545454545454545,0.8006620830150242,18,169,5,14,0.927536231884058,0.8095611285266457,0.9521072796934866,0.8534282007580023,0.875,0.6363636363636364,0.7368421052631579,0.8474126492702344,21,171,3,12
SVM (RBF),3,,0.9077669902912622,0.766882183908046,0.9224137931034483,0.7677657402955373,0.782608695652174,0.5625,0.6545454545454545,0.8006620830150242,18,169,5,14,0.927536231884058,0.8095611285266457,0.9521072796934866,0.8534282007580023,0.875,0.6363636363636364,0.7368421052631579,0.8474126492702344,21,171,3,12
SVM (RBF),4,,0.9174757281553398,0.798132183908046,0.9224137931034483,0.7677657402955373,0.8,0.625,0.7017543859649122,0.8269335310106252,20,169,5,12,0.927536231884058,0.8218390804597702,0.9521072796934866,0.8534282007580023,0.8461538461538461,0.6666666666666666,0.7457627118644068,0.851754595368823,22,170,4,11
Random Forest,0,,0.9029126213592233,0.7385057471264368,0.9177442528735633,0.7252322893253127,0.8,0.5,0.6153846153846154,0.7799145299145299,16,170,4,16,0.9178743961352657,0.766980146290491,0.9480146290491118,0.826200346564484,0.9,0.5454545454545454,0.6792452830188679,0.8160769351382429,18,172,2,15
Random Forest,1,,0.912621359223301,0.7570043103448276,0.9166666666666666,0.7123472616240258,0.85,0.53125,0.6538461538461539,0.801923076923077,17,171,3,15,0.9178743961352657,0.7792580982236155,0.9436607453848833,0.8063052524331006,0.8636363636363636,0.5757575757575758,0.6909090909090909,0.8217776652317043,19,171,3,14
Random Forest,2,,0.9077669902912622,0.7541307471264368,0.9131645114942529,0.7047995652161148,0.8095238095238095,0.53125,0.6415094339622641,0.7942923214379566,17,170,4,15,0.9082125603864735,0.7489550679205852,0.9485370950888192,0.8174702999135979,0.85,0.5151515151515151,0.6415094339622641,0.7944389275074478,17,171,3,16
Random Forest,3,,0.9029126213592233,0.7385057471264368,0.9170258620689654,0.7074161149589875,0.8,0.5,0.6153846153846154,0.7799145299145299,16,170,4,16,0.9082125603864735,0.7489550679205852,0.9468826192964124,0.8133088065786149,0.85,0.5151515151515151,0.6415094339622641,0.7944389275074478,17,171,3,16
Random Forest,4,,0.912621359223301,0.7442528735632183,0.924658764367816,0.7192902199580857,0.8888888888888888,0.5,0.64,0.7951381215469613,16,172,2,16,0.9082125603864735,0.7366771159874608,0.9480146290491118,0.8185448726181646,0.8888888888888888,0.48484848484848486,0.6274509803921569,0.7875546912980068,16,172,2,17
1D CNN,0,79.0,0.8446601941747572,0.8442887931034483,0.9190014367816092,0.7393854089385217,0.5,0.84375,0.627906976744186,0.764873733770866,27,147,27,5,0.893719806763285,0.9122257053291536,0.9691745036572622,0.8618728071013295,0.6078431372549019,0.9393939393939394,0.7380952380952381,0.8357142857142857,31,154,20,2
1D CNN,1,153.0,0.8737864077669902,0.8870330459770115,0.9353448275862069,0.7712334625040127,0.5576923076923077,0.90625,0.6904761904761905,0.8056039488966318,29,151,23,3,0.8840579710144928,0.8942006269592476,0.9681295715778475,0.8649631615358477,0.5882352941176471,0.9090909090909091,0.7142857142857143,0.8207792207792208,30,153,21,3
1D CNN,2,90.0,0.8398058252427184,0.8159123563218391,0.9087643678160919,0.6860310219723934,0.49019607843137253,0.78125,0.6024096385542169,0.7510528435932179,25,148,26,7,0.8647342995169082,0.8581504702194358,0.9583768721699757,0.8535392407740368,0.5490196078431373,0.8484848484848485,0.6666666666666666,0.7909090909090909,28,151,23,5
1D CNN,3,183.0,0.8737864077669902,0.8742816091954023,0.9480962643678161,0.7625470000082918,0.56,0.875,0.6829268292682927,0.802069475240207,28,152,22,4,0.9082125603864735,0.8962904911180773,0.9540229885057472,0.8349607343188145,0.6590909090909091,0.8787878787878788,0.7532467532467533,0.8484334656441481,29,159,15,4
1D CNN,4,99.0,0.8398058252427184,0.8414152298850575,0.9048132183908045,0.658415127254139,0.4909090909090909,0.84375,0.6206896551724138,0.7595755968169762,27,146,28,5,0.8743961352657005,0.851619644723093,0.9583768721699756,0.8345260581569236,0.574468085106383,0.8181818181818182,0.675,0.7985778443113773,27,154,20,6
